<?xml version="1.0" encoding="UTF-8"?>
<project-private xmlns="http://www.netbeans.org/ns/project-private/1">
    <editor-bookmarks xmlns="http://www.netbeans.org/ns/editor-bookmarks/2" lastBookmarkId="0"/>
    <open-files xmlns="http://www.netbeans.org/ns/projectui-open-files/2">
        <group>
            <file>file:/D:/Mata%20Kuliah/OOP/UAS%20-%20OOP%20-%20J%20-%202301010425/RekapGasLPG/src/rekapgaslpg/RekapGasLPG.java</file>
            <file>file:/D:/Mata%20Kuliah/OOP/UAS%20-%20OOP%20-%20J%20-%202301010425/RekapGasLPG/src/rekapgaslpg/DBkoneksi.java</file>
            <file>file:/D:/Mata%20Kuliah/OOP/UAS%20-%20OOP%20-%20J%20-%202301010425/RekapGasLPG/src/rekapgaslpg/DaftarRekap.java</file>
        </group>
    </open-files>
</project-private>
